name,ID,area,travel depth: median,travel depth: MAD,travel depth: mean,travel depth: SD,travel depth: skew,travel depth: kurtosis,travel depth: 25%,travel depth: 75%,geodesic depth: median,geodesic depth: MAD,geodesic depth: mean,geodesic depth: SD,geodesic depth: skew,geodesic depth: kurtosis,geodesic depth: 25%,geodesic depth: 75%,mean curvature: median,mean curvature: MAD,mean curvature: mean,mean curvature: SD,mean curvature: skew,mean curvature: kurtosis,mean curvature: 25%,mean curvature: 75%,freesurfer curvature: median,freesurfer curvature: MAD,freesurfer curvature: mean,freesurfer curvature: SD,freesurfer curvature: skew,freesurfer curvature: kurtosis,freesurfer curvature: 25%,freesurfer curvature: 75%,freesurfer thickness: median,freesurfer thickness: MAD,freesurfer thickness: mean,freesurfer thickness: SD,freesurfer thickness: skew,freesurfer thickness: kurtosis,freesurfer thickness: 25%,freesurfer thickness: 75%,freesurfer convexity (sulc): median,freesurfer convexity (sulc): MAD,freesurfer convexity (sulc): mean,freesurfer convexity (sulc): SD,freesurfer convexity (sulc): skew,freesurfer convexity (sulc): kurtosis,freesurfer convexity (sulc): 25%,freesurfer convexity (sulc): 75%,mean position: x,mean position: y,mean position: z,mean position in standard space: x,mean position in standard space: y,mean position in standard space: z,Laplace-Beltrami spectrum: component 2,Laplace-Beltrami spectrum: component 3,Laplace-Beltrami spectrum: component 4,Laplace-Beltrami spectrum: component 5,Laplace-Beltrami spectrum: component 6,Laplace-Beltrami spectrum: component 7,Laplace-Beltrami spectrum: component 8,Laplace-Beltrami spectrum: component 9,Laplace-Beltrami spectrum: component 10,Zernike moments: component 1,Zernike moments: component 2,Zernike moments: component 3,Zernike moments: component 4,Zernike moments: component 5,Zernike moments: component 6,Zernike moments: component 7,Zernike moments: component 8,Zernike moments: component 9,Zernike moments: component 10,Zernike moments: component 11,Zernike moments: component 12,Zernike moments: component 13,Zernike moments: component 14,Zernike moments: component 15,Zernike moments: component 16,Zernike moments: component 17,Zernike moments: component 18,Zernike moments: component 19,Zernike moments: component 20,Zernike moments: component 21,Zernike moments: component 22,Zernike moments: component 23,Zernike moments: component 24,Zernike moments: component 25,Zernike moments: component 26,Zernike moments: component 27,Zernike moments: component 28,Zernike moments: component 29,Zernike moments: component 30,Zernike moments: component 31,Zernike moments: component 32,Zernike moments: component 33,Zernike moments: component 34,Zernike moments: component 35,Zernike moments: component 36
ctx-lh-caudalanteriorcingulate,1002,0.0,0.0,0.0,0.0,0.0,0.0,0.0,0.0,0.0,0.0,0.0,0.0,0.0,0.0,0.0,0.0,0.0,0.0,0.0,0.0,0.0,0.0,0.0,0.0,0.0,0.0,0.0,0.0,0.0,0.0,0.0,0.0,0.0,0.0,0.0,0.0,0.0,0.0,0.0,0.0,0.0,0.0,0.0,0.0,0.0,0.0,0.0,0.0,0.0,0.0,0.0,0.0,0.0,0.0,0.0,0.0,0.0,0.0,0.0,0.0,0.0,0.0,0.0,0.0,0.0,0.0,0.0,0.0,0.0,0.0,0.0,0.0,0.0,0.0,0.0,0.0,0.0,0.0,0.0,0.0,0.0,0.0,0.0,0.0,0.0,0.0,0.0,0.0,0.0,0.0,0.0,0.0,0.0,0.0,0.0,0.0,0.0,0.0,0.0,0.0
ctx-lh-caudalmiddlefrontal,1003,0.0,0.0,0.0,0.0,0.0,0.0,0.0,0.0,0.0,0.0,0.0,0.0,0.0,0.0,0.0,0.0,0.0,0.0,0.0,0.0,0.0,0.0,0.0,0.0,0.0,0.0,0.0,0.0,0.0,0.0,0.0,0.0,0.0,0.0,0.0,0.0,0.0,0.0,0.0,0.0,0.0,0.0,0.0,0.0,0.0,0.0,0.0,0.0,0.0,0.0,0.0,0.0,0.0,0.0,0.0,0.0,0.0,0.0,0.0,0.0,0.0,0.0,0.0,0.0,0.0,0.0,0.0,0.0,0.0,0.0,0.0,0.0,0.0,0.0,0.0,0.0,0.0,0.0,0.0,0.0,0.0,0.0,0.0,0.0,0.0,0.0,0.0,0.0,0.0,0.0,0.0,0.0,0.0,0.0,0.0,0.0,0.0,0.0,0.0,0.0
ctx-lh-cuneus,1005,0.0,0.0,0.0,0.0,0.0,0.0,0.0,0.0,0.0,0.0,0.0,0.0,0.0,0.0,0.0,0.0,0.0,0.0,0.0,0.0,0.0,0.0,0.0,0.0,0.0,0.0,0.0,0.0,0.0,0.0,0.0,0.0,0.0,0.0,0.0,0.0,0.0,0.0,0.0,0.0,0.0,0.0,0.0,0.0,0.0,0.0,0.0,0.0,0.0,0.0,0.0,0.0,0.0,0.0,0.0,0.0,0.0,0.0,0.0,0.0,0.0,0.0,0.0,0.0,0.0,0.0,0.0,0.0,0.0,0.0,0.0,0.0,0.0,0.0,0.0,0.0,0.0,0.0,0.0,0.0,0.0,0.0,0.0,0.0,0.0,0.0,0.0,0.0,0.0,0.0,0.0,0.0,0.0,0.0,0.0,0.0,0.0,0.0,0.0,0.0
ctx-lh-entorhinal,1006,0.0,0.0,0.0,0.0,0.0,0.0,0.0,0.0,0.0,0.0,0.0,0.0,0.0,0.0,0.0,0.0,0.0,0.0,0.0,0.0,0.0,0.0,0.0,0.0,0.0,0.0,0.0,0.0,0.0,0.0,0.0,0.0,0.0,0.0,0.0,0.0,0.0,0.0,0.0,0.0,0.0,0.0,0.0,0.0,0.0,0.0,0.0,0.0,0.0,0.0,0.0,0.0,0.0,0.0,0.0,0.0,0.0,0.0,0.0,0.0,0.0,0.0,0.0,0.0,0.0,0.0,0.0,0.0,0.0,0.0,0.0,0.0,0.0,0.0,0.0,0.0,0.0,0.0,0.0,0.0,0.0,0.0,0.0,0.0,0.0,0.0,0.0,0.0,0.0,0.0,0.0,0.0,0.0,0.0,0.0,0.0,0.0,0.0,0.0,0.0
ctx-lh-fusiform,1007,0.0,0.0,0.0,0.0,0.0,0.0,0.0,0.0,0.0,0.0,0.0,0.0,0.0,0.0,0.0,0.0,0.0,0.0,0.0,0.0,0.0,0.0,0.0,0.0,0.0,0.0,0.0,0.0,0.0,0.0,0.0,0.0,0.0,0.0,0.0,0.0,0.0,0.0,0.0,0.0,0.0,0.0,0.0,0.0,0.0,0.0,0.0,0.0,0.0,0.0,0.0,0.0,0.0,0.0,0.0,0.0,0.0,0.0,0.0,0.0,0.0,0.0,0.0,0.0,0.0,0.0,0.0,0.0,0.0,0.0,0.0,0.0,0.0,0.0,0.0,0.0,0.0,0.0,0.0,0.0,0.0,0.0,0.0,0.0,0.0,0.0,0.0,0.0,0.0,0.0,0.0,0.0,0.0,0.0,0.0,0.0,0.0,0.0,0.0,0.0
ctx-lh-inferiorparietal,1008,0.0,0.0,0.0,0.0,0.0,0.0,0.0,0.0,0.0,0.0,0.0,0.0,0.0,0.0,0.0,0.0,0.0,0.0,0.0,0.0,0.0,0.0,0.0,0.0,0.0,0.0,0.0,0.0,0.0,0.0,0.0,0.0,0.0,0.0,0.0,0.0,0.0,0.0,0.0,0.0,0.0,0.0,0.0,0.0,0.0,0.0,0.0,0.0,0.0,0.0,0.0,0.0,0.0,0.0,0.0,0.0,0.0,0.0,0.0,0.0,0.0,0.0,0.0,0.0,0.0,0.0,0.0,0.0,0.0,0.0,0.0,0.0,0.0,0.0,0.0,0.0,0.0,0.0,0.0,0.0,0.0,0.0,0.0,0.0,0.0,0.0,0.0,0.0,0.0,0.0,0.0,0.0,0.0,0.0,0.0,0.0,0.0,0.0,0.0,0.0
ctx-lh-inferiortemporal,1009,0.0,0.0,0.0,0.0,0.0,0.0,0.0,0.0,0.0,0.0,0.0,0.0,0.0,0.0,0.0,0.0,0.0,0.0,0.0,0.0,0.0,0.0,0.0,0.0,0.0,0.0,0.0,0.0,0.0,0.0,0.0,0.0,0.0,0.0,0.0,0.0,0.0,0.0,0.0,0.0,0.0,0.0,0.0,0.0,0.0,0.0,0.0,0.0,0.0,0.0,0.0,0.0,0.0,0.0,0.0,0.0,0.0,0.0,0.0,0.0,0.0,0.0,0.0,0.0,0.0,0.0,0.0,0.0,0.0,0.0,0.0,0.0,0.0,0.0,0.0,0.0,0.0,0.0,0.0,0.0,0.0,0.0,0.0,0.0,0.0,0.0,0.0,0.0,0.0,0.0,0.0,0.0,0.0,0.0,0.0,0.0,0.0,0.0,0.0,0.0
ctx-lh-isthmuscingulate,1010,0.0,0.0,0.0,0.0,0.0,0.0,0.0,0.0,0.0,0.0,0.0,0.0,0.0,0.0,0.0,0.0,0.0,0.0,0.0,0.0,0.0,0.0,0.0,0.0,0.0,0.0,0.0,0.0,0.0,0.0,0.0,0.0,0.0,0.0,0.0,0.0,0.0,0.0,0.0,0.0,0.0,0.0,0.0,0.0,0.0,0.0,0.0,0.0,0.0,0.0,0.0,0.0,0.0,0.0,0.0,0.0,0.0,0.0,0.0,0.0,0.0,0.0,0.0,0.0,0.0,0.0,0.0,0.0,0.0,0.0,0.0,0.0,0.0,0.0,0.0,0.0,0.0,0.0,0.0,0.0,0.0,0.0,0.0,0.0,0.0,0.0,0.0,0.0,0.0,0.0,0.0,0.0,0.0,0.0,0.0,0.0,0.0,0.0,0.0,0.0
ctx-lh-lateraloccipital,1011,0.0,0.0,0.0,0.0,0.0,0.0,0.0,0.0,0.0,0.0,0.0,0.0,0.0,0.0,0.0,0.0,0.0,0.0,0.0,0.0,0.0,0.0,0.0,0.0,0.0,0.0,0.0,0.0,0.0,0.0,0.0,0.0,0.0,0.0,0.0,0.0,0.0,0.0,0.0,0.0,0.0,0.0,0.0,0.0,0.0,0.0,0.0,0.0,0.0,0.0,0.0,0.0,0.0,0.0,0.0,0.0,0.0,0.0,0.0,0.0,0.0,0.0,0.0,0.0,0.0,0.0,0.0,0.0,0.0,0.0,0.0,0.0,0.0,0.0,0.0,0.0,0.0,0.0,0.0,0.0,0.0,0.0,0.0,0.0,0.0,0.0,0.0,0.0,0.0,0.0,0.0,0.0,0.0,0.0,0.0,0.0,0.0,0.0,0.0,0.0
ctx-lh-lateralorbitofrontal,1012,0.0,0.0,0.0,0.0,0.0,0.0,0.0,0.0,0.0,0.0,0.0,0.0,0.0,0.0,0.0,0.0,0.0,0.0,0.0,0.0,0.0,0.0,0.0,0.0,0.0,0.0,0.0,0.0,0.0,0.0,0.0,0.0,0.0,0.0,0.0,0.0,0.0,0.0,0.0,0.0,0.0,0.0,0.0,0.0,0.0,0.0,0.0,0.0,0.0,0.0,0.0,0.0,0.0,0.0,0.0,0.0,0.0,0.0,0.0,0.0,0.0,0.0,0.0,0.0,0.0,0.0,0.0,0.0,0.0,0.0,0.0,0.0,0.0,0.0,0.0,0.0,0.0,0.0,0.0,0.0,0.0,0.0,0.0,0.0,0.0,0.0,0.0,0.0,0.0,0.0,0.0,0.0,0.0,0.0,0.0,0.0,0.0,0.0,0.0,0.0
ctx-lh-lingual,1013,0.0,0.0,0.0,0.0,0.0,0.0,0.0,0.0,0.0,0.0,0.0,0.0,0.0,0.0,0.0,0.0,0.0,0.0,0.0,0.0,0.0,0.0,0.0,0.0,0.0,0.0,0.0,0.0,0.0,0.0,0.0,0.0,0.0,0.0,0.0,0.0,0.0,0.0,0.0,0.0,0.0,0.0,0.0,0.0,0.0,0.0,0.0,0.0,0.0,0.0,0.0,0.0,0.0,0.0,0.0,0.0,0.0,0.0,0.0,0.0,0.0,0.0,0.0,0.0,0.0,0.0,0.0,0.0,0.0,0.0,0.0,0.0,0.0,0.0,0.0,0.0,0.0,0.0,0.0,0.0,0.0,0.0,0.0,0.0,0.0,0.0,0.0,0.0,0.0,0.0,0.0,0.0,0.0,0.0,0.0,0.0,0.0,0.0,0.0,0.0
ctx-lh-medialorbitofrontal,1014,0.0,0.0,0.0,0.0,0.0,0.0,0.0,0.0,0.0,0.0,0.0,0.0,0.0,0.0,0.0,0.0,0.0,0.0,0.0,0.0,0.0,0.0,0.0,0.0,0.0,0.0,0.0,0.0,0.0,0.0,0.0,0.0,0.0,0.0,0.0,0.0,0.0,0.0,0.0,0.0,0.0,0.0,0.0,0.0,0.0,0.0,0.0,0.0,0.0,0.0,0.0,0.0,0.0,0.0,0.0,0.0,0.0,0.0,0.0,0.0,0.0,0.0,0.0,0.0,0.0,0.0,0.0,0.0,0.0,0.0,0.0,0.0,0.0,0.0,0.0,0.0,0.0,0.0,0.0,0.0,0.0,0.0,0.0,0.0,0.0,0.0,0.0,0.0,0.0,0.0,0.0,0.0,0.0,0.0,0.0,0.0,0.0,0.0,0.0,0.0
ctx-lh-middletemporal,1015,0.0,0.0,0.0,0.0,0.0,0.0,0.0,0.0,0.0,0.0,0.0,0.0,0.0,0.0,0.0,0.0,0.0,0.0,0.0,0.0,0.0,0.0,0.0,0.0,0.0,0.0,0.0,0.0,0.0,0.0,0.0,0.0,0.0,0.0,0.0,0.0,0.0,0.0,0.0,0.0,0.0,0.0,0.0,0.0,0.0,0.0,0.0,0.0,0.0,0.0,0.0,0.0,0.0,0.0,0.0,0.0,0.0,0.0,0.0,0.0,0.0,0.0,0.0,0.0,0.0,0.0,0.0,0.0,0.0,0.0,0.0,0.0,0.0,0.0,0.0,0.0,0.0,0.0,0.0,0.0,0.0,0.0,0.0,0.0,0.0,0.0,0.0,0.0,0.0,0.0,0.0,0.0,0.0,0.0,0.0,0.0,0.0,0.0,0.0,0.0
ctx-lh-parahippocampal,1016,0.0,0.0,0.0,0.0,0.0,0.0,0.0,0.0,0.0,0.0,0.0,0.0,0.0,0.0,0.0,0.0,0.0,0.0,0.0,0.0,0.0,0.0,0.0,0.0,0.0,0.0,0.0,0.0,0.0,0.0,0.0,0.0,0.0,0.0,0.0,0.0,0.0,0.0,0.0,0.0,0.0,0.0,0.0,0.0,0.0,0.0,0.0,0.0,0.0,0.0,0.0,0.0,0.0,0.0,0.0,0.0,0.0,0.0,0.0,0.0,0.0,0.0,0.0,0.0,0.0,0.0,0.0,0.0,0.0,0.0,0.0,0.0,0.0,0.0,0.0,0.0,0.0,0.0,0.0,0.0,0.0,0.0,0.0,0.0,0.0,0.0,0.0,0.0,0.0,0.0,0.0,0.0,0.0,0.0,0.0,0.0,0.0,0.0,0.0,0.0
ctx-lh-paracentral,1017,0.0,0.0,0.0,0.0,0.0,0.0,0.0,0.0,0.0,0.0,0.0,0.0,0.0,0.0,0.0,0.0,0.0,0.0,0.0,0.0,0.0,0.0,0.0,0.0,0.0,0.0,0.0,0.0,0.0,0.0,0.0,0.0,0.0,0.0,0.0,0.0,0.0,0.0,0.0,0.0,0.0,0.0,0.0,0.0,0.0,0.0,0.0,0.0,0.0,0.0,0.0,0.0,0.0,0.0,0.0,0.0,0.0,0.0,0.0,0.0,0.0,0.0,0.0,0.0,0.0,0.0,0.0,0.0,0.0,0.0,0.0,0.0,0.0,0.0,0.0,0.0,0.0,0.0,0.0,0.0,0.0,0.0,0.0,0.0,0.0,0.0,0.0,0.0,0.0,0.0,0.0,0.0,0.0,0.0,0.0,0.0,0.0,0.0,0.0,0.0
ctx-lh-parsopercularis,1018,0.0,0.0,0.0,0.0,0.0,0.0,0.0,0.0,0.0,0.0,0.0,0.0,0.0,0.0,0.0,0.0,0.0,0.0,0.0,0.0,0.0,0.0,0.0,0.0,0.0,0.0,0.0,0.0,0.0,0.0,0.0,0.0,0.0,0.0,0.0,0.0,0.0,0.0,0.0,0.0,0.0,0.0,0.0,0.0,0.0,0.0,0.0,0.0,0.0,0.0,0.0,0.0,0.0,0.0,0.0,0.0,0.0,0.0,0.0,0.0,0.0,0.0,0.0,0.0,0.0,0.0,0.0,0.0,0.0,0.0,0.0,0.0,0.0,0.0,0.0,0.0,0.0,0.0,0.0,0.0,0.0,0.0,0.0,0.0,0.0,0.0,0.0,0.0,0.0,0.0,0.0,0.0,0.0,0.0,0.0,0.0,0.0,0.0,0.0,0.0
ctx-lh-parsorbitalis,1019,0.0,0.0,0.0,0.0,0.0,0.0,0.0,0.0,0.0,0.0,0.0,0.0,0.0,0.0,0.0,0.0,0.0,0.0,0.0,0.0,0.0,0.0,0.0,0.0,0.0,0.0,0.0,0.0,0.0,0.0,0.0,0.0,0.0,0.0,0.0,0.0,0.0,0.0,0.0,0.0,0.0,0.0,0.0,0.0,0.0,0.0,0.0,0.0,0.0,0.0,0.0,0.0,0.0,0.0,0.0,0.0,0.0,0.0,0.0,0.0,0.0,0.0,0.0,0.0,0.0,0.0,0.0,0.0,0.0,0.0,0.0,0.0,0.0,0.0,0.0,0.0,0.0,0.0,0.0,0.0,0.0,0.0,0.0,0.0,0.0,0.0,0.0,0.0,0.0,0.0,0.0,0.0,0.0,0.0,0.0,0.0,0.0,0.0,0.0,0.0
ctx-lh-parstriangularis,1020,0.0,0.0,0.0,0.0,0.0,0.0,0.0,0.0,0.0,0.0,0.0,0.0,0.0,0.0,0.0,0.0,0.0,0.0,0.0,0.0,0.0,0.0,0.0,0.0,0.0,0.0,0.0,0.0,0.0,0.0,0.0,0.0,0.0,0.0,0.0,0.0,0.0,0.0,0.0,0.0,0.0,0.0,0.0,0.0,0.0,0.0,0.0,0.0,0.0,0.0,0.0,0.0,0.0,0.0,0.0,0.0,0.0,0.0,0.0,0.0,0.0,0.0,0.0,0.0,0.0,0.0,0.0,0.0,0.0,0.0,0.0,0.0,0.0,0.0,0.0,0.0,0.0,0.0,0.0,0.0,0.0,0.0,0.0,0.0,0.0,0.0,0.0,0.0,0.0,0.0,0.0,0.0,0.0,0.0,0.0,0.0,0.0,0.0,0.0,0.0
ctx-lh-pericalcarine,1021,0.0,0.0,0.0,0.0,0.0,0.0,0.0,0.0,0.0,0.0,0.0,0.0,0.0,0.0,0.0,0.0,0.0,0.0,0.0,0.0,0.0,0.0,0.0,0.0,0.0,0.0,0.0,0.0,0.0,0.0,0.0,0.0,0.0,0.0,0.0,0.0,0.0,0.0,0.0,0.0,0.0,0.0,0.0,0.0,0.0,0.0,0.0,0.0,0.0,0.0,0.0,0.0,0.0,0.0,0.0,0.0,0.0,0.0,0.0,0.0,0.0,0.0,0.0,0.0,0.0,0.0,0.0,0.0,0.0,0.0,0.0,0.0,0.0,0.0,0.0,0.0,0.0,0.0,0.0,0.0,0.0,0.0,0.0,0.0,0.0,0.0,0.0,0.0,0.0,0.0,0.0,0.0,0.0,0.0,0.0,0.0,0.0,0.0,0.0,0.0
ctx-lh-postcentral,1022,0.0,0.0,0.0,0.0,0.0,0.0,0.0,0.0,0.0,0.0,0.0,0.0,0.0,0.0,0.0,0.0,0.0,0.0,0.0,0.0,0.0,0.0,0.0,0.0,0.0,0.0,0.0,0.0,0.0,0.0,0.0,0.0,0.0,0.0,0.0,0.0,0.0,0.0,0.0,0.0,0.0,0.0,0.0,0.0,0.0,0.0,0.0,0.0,0.0,0.0,0.0,0.0,0.0,0.0,0.0,0.0,0.0,0.0,0.0,0.0,0.0,0.0,0.0,0.0,0.0,0.0,0.0,0.0,0.0,0.0,0.0,0.0,0.0,0.0,0.0,0.0,0.0,0.0,0.0,0.0,0.0,0.0,0.0,0.0,0.0,0.0,0.0,0.0,0.0,0.0,0.0,0.0,0.0,0.0,0.0,0.0,0.0,0.0,0.0,0.0
ctx-lh-posteriorcingulate,1023,0.0,0.0,0.0,0.0,0.0,0.0,0.0,0.0,0.0,0.0,0.0,0.0,0.0,0.0,0.0,0.0,0.0,0.0,0.0,0.0,0.0,0.0,0.0,0.0,0.0,0.0,0.0,0.0,0.0,0.0,0.0,0.0,0.0,0.0,0.0,0.0,0.0,0.0,0.0,0.0,0.0,0.0,0.0,0.0,0.0,0.0,0.0,0.0,0.0,0.0,0.0,0.0,0.0,0.0,0.0,0.0,0.0,0.0,0.0,0.0,0.0,0.0,0.0,0.0,0.0,0.0,0.0,0.0,0.0,0.0,0.0,0.0,0.0,0.0,0.0,0.0,0.0,0.0,0.0,0.0,0.0,0.0,0.0,0.0,0.0,0.0,0.0,0.0,0.0,0.0,0.0,0.0,0.0,0.0,0.0,0.0,0.0,0.0,0.0,0.0
ctx-lh-precentral,1024,0.0,0.0,0.0,0.0,0.0,0.0,0.0,0.0,0.0,0.0,0.0,0.0,0.0,0.0,0.0,0.0,0.0,0.0,0.0,0.0,0.0,0.0,0.0,0.0,0.0,0.0,0.0,0.0,0.0,0.0,0.0,0.0,0.0,0.0,0.0,0.0,0.0,0.0,0.0,0.0,0.0,0.0,0.0,0.0,0.0,0.0,0.0,0.0,0.0,0.0,0.0,0.0,0.0,0.0,0.0,0.0,0.0,0.0,0.0,0.0,0.0,0.0,0.0,0.0,0.0,0.0,0.0,0.0,0.0,0.0,0.0,0.0,0.0,0.0,0.0,0.0,0.0,0.0,0.0,0.0,0.0,0.0,0.0,0.0,0.0,0.0,0.0,0.0,0.0,0.0,0.0,0.0,0.0,0.0,0.0,0.0,0.0,0.0,0.0,0.0
ctx-lh-precuneus,1025,0.0,0.0,0.0,0.0,0.0,0.0,0.0,0.0,0.0,0.0,0.0,0.0,0.0,0.0,0.0,0.0,0.0,0.0,0.0,0.0,0.0,0.0,0.0,0.0,0.0,0.0,0.0,0.0,0.0,0.0,0.0,0.0,0.0,0.0,0.0,0.0,0.0,0.0,0.0,0.0,0.0,0.0,0.0,0.0,0.0,0.0,0.0,0.0,0.0,0.0,0.0,0.0,0.0,0.0,0.0,0.0,0.0,0.0,0.0,0.0,0.0,0.0,0.0,0.0,0.0,0.0,0.0,0.0,0.0,0.0,0.0,0.0,0.0,0.0,0.0,0.0,0.0,0.0,0.0,0.0,0.0,0.0,0.0,0.0,0.0,0.0,0.0,0.0,0.0,0.0,0.0,0.0,0.0,0.0,0.0,0.0,0.0,0.0,0.0,0.0
ctx-lh-rostralanteriorcingulate,1026,0.0,0.0,0.0,0.0,0.0,0.0,0.0,0.0,0.0,0.0,0.0,0.0,0.0,0.0,0.0,0.0,0.0,0.0,0.0,0.0,0.0,0.0,0.0,0.0,0.0,0.0,0.0,0.0,0.0,0.0,0.0,0.0,0.0,0.0,0.0,0.0,0.0,0.0,0.0,0.0,0.0,0.0,0.0,0.0,0.0,0.0,0.0,0.0,0.0,0.0,0.0,0.0,0.0,0.0,0.0,0.0,0.0,0.0,0.0,0.0,0.0,0.0,0.0,0.0,0.0,0.0,0.0,0.0,0.0,0.0,0.0,0.0,0.0,0.0,0.0,0.0,0.0,0.0,0.0,0.0,0.0,0.0,0.0,0.0,0.0,0.0,0.0,0.0,0.0,0.0,0.0,0.0,0.0,0.0,0.0,0.0,0.0,0.0,0.0,0.0
ctx-lh-rostralmiddlefrontal,1027,0.0,0.0,0.0,0.0,0.0,0.0,0.0,0.0,0.0,0.0,0.0,0.0,0.0,0.0,0.0,0.0,0.0,0.0,0.0,0.0,0.0,0.0,0.0,0.0,0.0,0.0,0.0,0.0,0.0,0.0,0.0,0.0,0.0,0.0,0.0,0.0,0.0,0.0,0.0,0.0,0.0,0.0,0.0,0.0,0.0,0.0,0.0,0.0,0.0,0.0,0.0,0.0,0.0,0.0,0.0,0.0,0.0,0.0,0.0,0.0,0.0,0.0,0.0,0.0,0.0,0.0,0.0,0.0,0.0,0.0,0.0,0.0,0.0,0.0,0.0,0.0,0.0,0.0,0.0,0.0,0.0,0.0,0.0,0.0,0.0,0.0,0.0,0.0,0.0,0.0,0.0,0.0,0.0,0.0,0.0,0.0,0.0,0.0,0.0,0.0
ctx-lh-superiorfrontal,1028,0.0,0.0,0.0,0.0,0.0,0.0,0.0,0.0,0.0,0.0,0.0,0.0,0.0,0.0,0.0,0.0,0.0,0.0,0.0,0.0,0.0,0.0,0.0,0.0,0.0,0.0,0.0,0.0,0.0,0.0,0.0,0.0,0.0,0.0,0.0,0.0,0.0,0.0,0.0,0.0,0.0,0.0,0.0,0.0,0.0,0.0,0.0,0.0,0.0,0.0,0.0,0.0,0.0,0.0,0.0,0.0,0.0,0.0,0.0,0.0,0.0,0.0,0.0,0.0,0.0,0.0,0.0,0.0,0.0,0.0,0.0,0.0,0.0,0.0,0.0,0.0,0.0,0.0,0.0,0.0,0.0,0.0,0.0,0.0,0.0,0.0,0.0,0.0,0.0,0.0,0.0,0.0,0.0,0.0,0.0,0.0,0.0,0.0,0.0,0.0
ctx-lh-superiorparietal,1029,0.0,0.0,0.0,0.0,0.0,0.0,0.0,0.0,0.0,0.0,0.0,0.0,0.0,0.0,0.0,0.0,0.0,0.0,0.0,0.0,0.0,0.0,0.0,0.0,0.0,0.0,0.0,0.0,0.0,0.0,0.0,0.0,0.0,0.0,0.0,0.0,0.0,0.0,0.0,0.0,0.0,0.0,0.0,0.0,0.0,0.0,0.0,0.0,0.0,0.0,0.0,0.0,0.0,0.0,0.0,0.0,0.0,0.0,0.0,0.0,0.0,0.0,0.0,0.0,0.0,0.0,0.0,0.0,0.0,0.0,0.0,0.0,0.0,0.0,0.0,0.0,0.0,0.0,0.0,0.0,0.0,0.0,0.0,0.0,0.0,0.0,0.0,0.0,0.0,0.0,0.0,0.0,0.0,0.0,0.0,0.0,0.0,0.0,0.0,0.0
ctx-lh-superiortemporal,1030,0.0,0.0,0.0,0.0,0.0,0.0,0.0,0.0,0.0,0.0,0.0,0.0,0.0,0.0,0.0,0.0,0.0,0.0,0.0,0.0,0.0,0.0,0.0,0.0,0.0,0.0,0.0,0.0,0.0,0.0,0.0,0.0,0.0,0.0,0.0,0.0,0.0,0.0,0.0,0.0,0.0,0.0,0.0,0.0,0.0,0.0,0.0,0.0,0.0,0.0,0.0,0.0,0.0,0.0,0.0,0.0,0.0,0.0,0.0,0.0,0.0,0.0,0.0,0.0,0.0,0.0,0.0,0.0,0.0,0.0,0.0,0.0,0.0,0.0,0.0,0.0,0.0,0.0,0.0,0.0,0.0,0.0,0.0,0.0,0.0,0.0,0.0,0.0,0.0,0.0,0.0,0.0,0.0,0.0,0.0,0.0,0.0,0.0,0.0,0.0
ctx-lh-supramarginal,1031,0.0,0.0,0.0,0.0,0.0,0.0,0.0,0.0,0.0,0.0,0.0,0.0,0.0,0.0,0.0,0.0,0.0,0.0,0.0,0.0,0.0,0.0,0.0,0.0,0.0,0.0,0.0,0.0,0.0,0.0,0.0,0.0,0.0,0.0,0.0,0.0,0.0,0.0,0.0,0.0,0.0,0.0,0.0,0.0,0.0,0.0,0.0,0.0,0.0,0.0,0.0,0.0,0.0,0.0,0.0,0.0,0.0,0.0,0.0,0.0,0.0,0.0,0.0,0.0,0.0,0.0,0.0,0.0,0.0,0.0,0.0,0.0,0.0,0.0,0.0,0.0,0.0,0.0,0.0,0.0,0.0,0.0,0.0,0.0,0.0,0.0,0.0,0.0,0.0,0.0,0.0,0.0,0.0,0.0,0.0,0.0,0.0,0.0,0.0,0.0
ctx-lh-transversetemporal,1034,0.0,0.0,0.0,0.0,0.0,0.0,0.0,0.0,0.0,0.0,0.0,0.0,0.0,0.0,0.0,0.0,0.0,0.0,0.0,0.0,0.0,0.0,0.0,0.0,0.0,0.0,0.0,0.0,0.0,0.0,0.0,0.0,0.0,0.0,0.0,0.0,0.0,0.0,0.0,0.0,0.0,0.0,0.0,0.0,0.0,0.0,0.0,0.0,0.0,0.0,0.0,0.0,0.0,0.0,0.0,0.0,0.0,0.0,0.0,0.0,0.0,0.0,0.0,0.0,0.0,0.0,0.0,0.0,0.0,0.0,0.0,0.0,0.0,0.0,0.0,0.0,0.0,0.0,0.0,0.0,0.0,0.0,0.0,0.0,0.0,0.0,0.0,0.0,0.0,0.0,0.0,0.0,0.0,0.0,0.0,0.0,0.0,0.0,0.0,0.0
ctx-lh-insula,1035,0.0,0.0,0.0,0.0,0.0,0.0,0.0,0.0,0.0,0.0,0.0,0.0,0.0,0.0,0.0,0.0,0.0,0.0,0.0,0.0,0.0,0.0,0.0,0.0,0.0,0.0,0.0,0.0,0.0,0.0,0.0,0.0,0.0,0.0,0.0,0.0,0.0,0.0,0.0,0.0,0.0,0.0,0.0,0.0,0.0,0.0,0.0,0.0,0.0,0.0,0.0,0.0,0.0,0.0,0.0,0.0,0.0,0.0,0.0,0.0,0.0,0.0,0.0,0.0,0.0,0.0,0.0,0.0,0.0,0.0,0.0,0.0,0.0,0.0,0.0,0.0,0.0,0.0,0.0,0.0,0.0,0.0,0.0,0.0,0.0,0.0,0.0,0.0,0.0,0.0,0.0,0.0,0.0,0.0,0.0,0.0,0.0,0.0,0.0,0.0
ctx-rh-caudalanteriorcingulate,2002,1074.9679996,1.83773,1.5660880000000001,2.5757483328205235,2.5503195034735815,0.2560358054794392,-0.624299550573534,0.435732,4.06175,3.10891,2.04553,3.573544534601837,2.9582853901537374,-0.09052808825905678,-0.8135636280073233,1.2751425,5.45095,-2.9728,1.0433400000000002,-2.770293779297082,1.72448773793074,-0.9039373892010977,-0.05812752510522312,-3.7743,-1.63779,-0.07813233882188797,0.10827300883829594,-0.06646519292589718,0.16875299250211717,-0.9492725075627838,-0.3510171513665119,-0.1805516481399536,0.03582700341939926,2.769639015197754,0.46245336532592773,2.7014637477067316,0.7529608359249123,0.47286628642317985,-0.13333050096168408,2.2373905181884766,3.157254457473755,0.01705150306224823,0.13197438418865204,0.059225841408806636,0.2346961225544801,-0.11203765814069036,-0.23441625388008758,-0.0978059247136116,0.18809129297733307,6.242688484424752,24.973877329520512,38.65078477470242,3.9907467424478726,19.130186783292594,27.638889295024555,5.353605871535539,14.652241102829636,20.80577104849895,26.275996964114775,40.98965106463852,48.379719352493574,51.28889376848259,68.43444700186438,75.917263404872,0.001484622005099878,0.0024147922779549705,0.0018670500415176733,0.0005660520340640987,0.00039332821954193614,0.0005462676873221738,0.0013088290749301654,0.0031553023126794214,0.0038231751546383558,0.0028372759205706716,0.0011763599211419096,0.0008470556325171318,0.0026482615234061746,0.004187116276019276,0.004289708646715512,0.003039756023207335,0.0005070969240336665,0.0019256641057582506,0.0036904017657204105,0.004648721337622658,0.00029600855187749114,0.0013125119746481059,0.0029248775909391897,0.004296752653304844,0.00017199418724046233,0.0008676213855450537,0.0021897051241703395,0.00010038781745871414,0.0005658858182947909,0.0015893124497303357,5.9056923968478597e-05,0.0003672609408161498,3.502884775200063e-05,0.00023800350416118107,2.092763221087593e-05,1.2578427843475245e-05
ctx-rh-caudalmiddlefrontal,2003,2597.0793522000004,3.5621,3.4702151,5.532648194761255,6.275632366592381,-0.27766425474317646,-1.2175044291014072,0.23262,9.49967,4.33824,4.2142859999999995,6.233578922931933,6.739958960427518,-0.31866489236722273,-1.2353085293296577,0.23262,10.5614,-3.48449,2.1241000000000003,-3.2703860210568148,3.1304289064736506,-0.8077992375830205,-0.8304902156469165,-5.51639,-1.23288,-0.11101114749908447,0.11733019351959229,-0.1020018184838271,0.15689958279965413,-0.9587237570706622,-0.9178249358230004,-0.21723021566867828,0.017854129895567894,2.7969276905059814,0.3075902462005615,2.77079362573798,0.43959115488765155,0.5728293024086726,-0.5597347132802346,2.4648337364196777,3.0874874591827393,-0.28731122612953186,0.42474719882011414,-0.1524997108441371,0.6491234535575636,-0.5369519776538251,-1.1355854391369058,-0.6423203349113464,0.2625185549259186,36.4912095239374,8.755565853104478,51.281950331655096,38.053898683389825,11.684118369045802,48.85976298688533,9.00010225191411,11.50684653127895,27.00878947344885,33.7709171237761,44.13407382562039,53.05158133211467,65.62471894539094,71.62291889257175,86.27512020700502,0.0028181226266482035,0.00453864039163167,0.00337822527183529,0.0007766967546496831,0.0010367225624326529,0.0010994054878238897,0.0025064663683280254,0.0060213433084473625,0.007184919071525411,0.005040466919571747,0.001625768831945499,0.0016118257206086419,0.005052348542554759,0.007961476410356001,0.0079641728762026,0.0051900442101296875,0.0009423026592027085,0.0036107184563693388,0.006966438503838422,0.008729671876516673,0.0005270004128202365,0.002372966975021122,0.005373006866761797,0.007969440190349633,0.0002876925455006183,0.0014821648499367902,0.0038310113560541424,0.00015489672301458233,0.0008957188948654405,0.0025918732791065874,8.276119071129974e-05,0.0005295714990969994,4.405716074807931e-05,0.0003085741245273295,2.3436739270412672e-05,1.249526660827846e-05
ctx-rh-cuneus,2005,1714.5625008,4.32553,3.6550719999999997,6.119203056815535,5.79846946264773,0.7974577303767265,-0.34954004660678484,1.20096,9.91843,5.5998,4.2814700000000006,7.681146071946256,6.959650886157499,0.8435513157527961,-0.3139631841828008,2.09504,11.9067,-3.31109,1.52536,-3.3078520814014727,2.2300951158805074,-0.7036077447200587,-0.5089837171105644,-4.88316,-1.83377,-0.09789310395717621,0.10562184453010559,-0.08386041375420202,0.16450679263752438,-0.44778913021676126,-0.625034470699652,-0.2032768726348877,0.008558430708944798,1.61513352394104,0.35616230964660645,1.6775214729907817,0.5586640472193976,1.0054307967287934,1.6850819576232352,1.2812427282333374,2.0032501220703125,-0.5289553999900818,0.2722269892692566,-0.4431814125193159,0.4317194433707515,-0.04885775786532736,-0.7562787106079263,-0.7657672762870789,-0.17576439678668976,6.531079942268038,-58.055684766334124,-11.301399674865905,8.926717956192316,-80.84736420917194,18.95847722368512,1.9415059238252197,8.935051429439762,16.629281667539665,18.491222819409828,32.38485536989933,37.72805168659354,45.96483038367493,62.55000067338124,65.25302535123811,0.00023647842410593224,0.0005041188234863889,0.001489107844583763,0.001126829438930472,7.738357761212511e-05,0.0003306642561491033,0.0007459345725424857,0.0003734674981839209,0.001638244635212809,0.0024636738875838215,0.0014726963601846064,0.0009477136528008639,0.0012943272094930493,0.0007081190961662007,0.002533565900888563,0.002431807909897711,0.0009457782481494511,0.001878323442231111,0.0007358475048032623,0.0017910398121922279,0.0008514678192184081,0.002126678224625492,0.0016429369643510788,0.0008535512917250675,0.0007276075360210342,0.0021440540144332183,0.0022851448832177227,0.0006041485633493439,0.00202650515350052,0.002645050030787549,0.0004934226218073279,0.0018417207625930773,0.00039913968091484823,0.0016322289831364118,0.0003211000892216563,0.0002575384782248847
ctx-rh-entorhinal,2006,690.3150327000001,1.41522,1.233344,2.383273762949331,2.5862724381985327,0.608066100822829,0.1972042322308818,0.483101,3.59931,3.05704,2.1127960000000003,3.8244615444597443,3.3484023217601053,-0.04841818757343986,-0.8558378345314468,1.35625,5.94232,-5.05453,1.32552,-5.164213514116498,2.258118865630776,-0.9763969149123085,0.0150013201964172,-6.49348,-3.86993,-0.13393767178058624,0.08313354477286339,-0.1471069908506529,0.14459364407290964,-1.5239570889732923,6.204174583652627,-0.21205468475818634,-0.04949548840522766,4.4084272384643555,0.5915727615356445,4.109608671816401,0.9086264851239033,-0.2266863533119924,-1.18275186273023,3.3389883041381836,5.0,-0.5477589964866638,0.20043683052062988,-0.5393105415237749,0.28239529290521515,-0.1799817465681998,-0.4294539047693773,-0.768991231918335,-0.3591804504394531,20.944013501373107,29.261393181821134,-20.68202621016459,21.22003794939732,-4.205863211548708,-34.77851010469249,5.561813128220793,14.031880822493255,23.441916431339116,25.110527312130404,39.138265719657646,50.38222893180754,57.40087709388445,69.32057440474927,70.19484836272945,0.001226718344398093,0.002077653952954405,0.0017387219019188824,0.0006220241813585511,0.0003995536169152134,0.0007086143193797919,0.0010356861243738494,0.0026194169888101777,0.0034197526228299992,0.00278728348462153,0.0012123461078880266,0.0006328313038192322,0.002096951647151987,0.0036006021052498076,0.004072848225515757,0.003131767112924102,0.00035161241110959017,0.0014311459395596295,0.0030123636461599104,0.0042440903170092555,0.00018677578462060137,0.0008976812335786141,0.0022243553278748123,0.0037113481620858093,9.672084752091854e-05,0.0005341956921609631,0.0015165576936527108,4.9333160196282546e-05,0.0003068200795596123,0.0009782100439224817,2.496382412483849e-05,0.0001720263176430625,1.261555236114102e-05,9.501687745346195e-05,6.413294191292188e-06,3.307342987822538e-06
ctx-rh-fusiform,2007,4462.577786100001,1.87556,1.743639,3.416679945528153,3.911947845067616,-0.21226482943392902,-1.2913181893870682,0.457283,5.81314,3.44017,3.0658399999999997,4.695414661058089,4.639132358081775,-0.3164733823160091,-1.1931658126087588,1.24219,7.50745,-3.71826,1.4405799999999997,-3.6697418979552068,2.605049196397156,-0.8341154782499526,-0.10698622518286216,-5.16925,-2.28742,-0.13957250118255615,0.12715217471122742,-0.12796868610851622,0.1839005039263506,-1.013272997654957,-0.6972038109199015,-0.2599327564239502,0.0024499004357494414,2.8467092514038086,0.3941025733947754,2.9653892814500886,0.669501194124756,1.1784400063608402,1.0160835324742257,2.501983642578125,3.326618194580078,-0.12032843381166458,0.2560620829463005,-0.11545719592764299,0.4686145519630096,-0.987396943042583,-0.15872662047131225,-0.3731030225753784,0.1384376734495163,29.292533607764057,-13.402361343974446,-29.609817016645447,32.548411310664754,-47.26332512262085,-22.178671597740895,2.6357520541943495,10.242627174649792,20.73011461134805,21.98477628778642,34.69154747832657,39.99066850976283,52.35491701880321,69.09173849302887,74.56113583279419,0.004978568175634586,0.007698102574416237,0.005408029732740015,0.001282328707024721,0.0013344846522900227,0.0018258491736009245,0.004044417371299359,0.009332941400997809,0.010745974911177712,0.007781405936298498,0.0034537575155561754,0.00212462772844895,0.006337465669187511,0.009705150784708705,0.010193423744620596,0.008117447339451878,0.001196652024348461,0.004039191357515625,0.006924905681497998,0.008542795193539869,0.0009146420956246676,0.003431292338491215,0.006174589716095182,0.007358784062628637,0.0006467972005876674,0.002764934550632009,0.005652138721971851,0.00038797998809598025,0.0018338704438212432,0.004180269057748176,0.00024122605646113298,0.0012101620392518033,0.00018276055857621397,0.0009938976281267887,0.00013632998233190454,9.065347615268626e-05
ctx-rh-inferiorparietal,2008,6869.0087176,5.40698,4.987620000000001,6.39425257987734,5.86089872074938,-0.2879259238062671,-1.2989594946869067,0.698952,10.9592,6.41239,5.668139,7.499163556592117,6.6218383171148405,-0.28357584270653324,-1.3140440299138902,1.26794,12.926074999999999,-3.22004,2.1553699999999996,-3.1198094948589365,3.0159691937916673,-0.7485553197171552,-0.6574464578409995,-5.3724,-1.05913,-0.08736971020698547,0.12518511712551117,-0.10297079252053054,0.17285365242194164,-1.10755074966657,-0.34248540071604205,-0.23196040093898773,0.025655990466475487,2.4336721897125244,0.32292675971984863,2.45921432365478,0.464200765570845,0.3897486579313486,0.0969970950458734,2.1425471901893616,2.7896080017089844,-0.13698668032884598,0.40180913358926773,-0.10326890969619315,0.5570885206319336,-0.6961745102802497,-0.8134500261348867,-0.5203748345375061,0.2884838879108429,41.688183972268554,-48.75697994939651,-0.3893393582852254,47.33671806803729,-65.37862109906425,25.51840024405985,6.699427287793511,13.377176207035227,22.627610377181444,27.74747012910742,46.28061388855093,50.52405967400346,55.08683773864739,70.93111912999193,82.15898939814959,0.007392372779708425,0.01092058171750481,0.006416681192542798,0.00039233718557585284,0.003359278507244946,0.001955904735357585,0.007027618649736559,0.015574591699145907,0.016010407123909595,0.008340219233693368,0.0007655590365998582,0.004722899487253683,0.013588523767195519,0.018722227398238752,0.015305925289452425,0.007204630524051019,0.0028496383681794793,0.009914932859556065,0.01666226245937966,0.017360925669821847,0.0016430384769783664,0.006614402815945115,0.012855905755049045,0.015715691713371824,0.0009361258102405689,0.0042329092191283205,0.009186783525906989,0.000538956093142877,0.002687774253632467,0.006379017257597119,0.0003170148963748363,0.0017279584953366115,0.0001904351544905909,0.0011294720845432193,0.00011612403095655577,7.151894081223986e-05
ctx-rh-inferiortemporal,2009,3974.1604943999996,1.9733,1.8870297,3.1639316262324457,3.584970243695373,-0.34945177600378924,-1.3084378422875527,0.27218,5.4123850000000004,3.26844,3.087495,4.244048137372421,4.278701812008211,-0.41872976532994904,-1.2671592333663302,0.27218,7.02057,-3.83248,1.73727,-3.6818754179901916,2.6598445240398925,-0.8498180699366934,-0.5943742248159105,-5.54854,-2.0760699999999996,-0.11378014832735062,0.12052604649215937,-0.11469616259332396,0.17702417110898105,-1.1588535207062822,0.057557528618141784,-0.23043611645698547,0.009522885084152222,2.7437310218811035,0.4951925277709961,2.8010553302033876,0.7511285517835942,0.5158969815627358,-0.02869171904872747,2.2898707389831543,3.2960891723632812,-0.29469427466392517,0.25524672865867615,-0.22798870838726262,0.41290339176807783,-0.6862837434323135,-0.8615811103774247,-0.5043412148952484,0.027254613116383553,46.3380673980104,0.9527251279114055,-25.497332276673863,50.75543527776559,-31.258764127486714,-25.1887083715046,2.7834627887684538,11.567770050311857,23.795966205590883,27.21680606482664,37.238529643050505,38.39177803484229,52.7827873718845,56.8272663721399,72.0927458005655,0.005562487951068262,0.00888355344605122,0.0064623108060223415,0.0012622870546417837,0.0022743132105065575,0.0023117905434418117,0.004558374660563319,0.010919523680462628,0.012992051711084921,0.00908657249767477,0.0027804866075837255,0.002459315384627317,0.007713998279052483,0.012264681527015557,0.012608046743688199,0.00865244744704895,0.001190054644858332,0.004512852136469301,0.008715620520818725,0.011270214640407622,0.0006613322922095319,0.0028642573921278357,0.006229673120132911,0.009049998650933222,0.0004227834471872496,0.0020729767344170365,0.005031247504091813,0.0002602186485227859,0.0014345705537201893,0.003900252546899448,0.00014849314857361901,0.0009055382851937462,8.306189803112036e-05,0.0005524004753523265,4.831793415033393e-05,2.8943762852027916e-05
ctx-rh-isthmuscingulate,2010,1034.6398593,2.52923,1.7585350000000002,3.479040939870264,3.241611272989288,0.6858582374776979,-0.07894033262576272,1.02202,5.00078,4.49508,2.45261,4.96219362992048,3.639655139391882,0.08038339403118377,-0.6260189410096535,2.07831,7.061235,-2.77871,1.3949699999999998,-2.8307672929634617,2.1389384448624167,-0.7605955244641263,-0.5211680656812194,-4.29446,-1.51236,-0.07691061496734619,0.10705138742923737,-0.08268628051951457,0.16276543604121316,-0.9987274534360446,-0.09738520149733221,-0.19209755957126617,0.018113771453499794,2.642793893814087,0.35979270935058594,2.5502002987494885,0.6081920000747962,-0.35818809568423987,0.05576149994010704,2.2301712036132812,2.960336446762085,-0.12836690247058868,0.20001612603664398,-0.10391113838103012,0.3284331503261092,-0.09515764088669572,-0.0964243550576458,-0.32149437069892883,0.07926519028842449,5.591588471184283,-28.192277669906616,5.407378634808517,6.246992007980871,-45.523916092929596,20.797734003151934,1.5028734400293162,14.838782083547542,19.24723858664686,23.895401071291722,31.439666307686718,39.96443723679156,50.45255734053176,57.31827475628897,70.30411399586633,0.0014972993515843262,0.002942324968628879,0.0034343114909103334,0.0028937633299190003,0.0016462832624601395,0.0002467708836619407,0.0008541193308058496,0.0024770957796733965,0.0041126363568761886,0.005017144190260888,0.00479233222978425,0.0003279638580659875,0.001242365959597636,0.0026267765918494977,0.004038894133608298,0.004932333802675744,0.00011156532701869566,0.0005183454545753093,0.001319991224124512,0.00241677256262733,3.9506727967377857e-05,0.00021692535604455576,0.0006443692277682309,0.0013635420529256085,1.5969656228051563e-05,0.00010131534856460492,0.0003445995652177039,6.817399207747009e-06,4.905664761675038e-05,0.00018790305552438872,2.8223539782064986e-06,2.2669084078126317e-05,1.1099608611409628e-06,9.825245790056942e-06,4.183114776388474e-07,1.5363830742812295e-07
ctx-rh-lateraloccipital,2011,5550.4461789,2.01065,1.9867406,3.5489317005786556,4.137905376897345,0.22430010508235024,-0.7541890696194673,0.0646165,6.18298,2.76039,2.7284096,4.140779696182768,4.5501935580281,0.151821623969738,-0.8186682691965315,0.0646165,7.14902,-3.83182,1.5170400000000002,-3.4143378132651523,2.6153904244400947,-0.4155264710972676,-0.4176745994976425,-5.0993,-1.86115,-0.12631778419017792,0.11374761164188385,-0.11398741915713584,0.16943455238301136,-0.7834987328421985,-0.4661702904359699,-0.23097513616085052,-0.002316472353413701,2.3654723167419434,0.3493795394897461,2.357011527588201,0.5686957971875962,0.6854002371734024,1.2798261069047419,1.9863085746765137,2.6875343322753906,-0.364094614982605,0.3056054711341858,-0.29135925272208557,0.4562507748272684,-0.3494483330335575,-0.7748016532116191,-0.6314058303833008,0.012977316975593567,31.190578218635274,-54.66748654512354,-32.11567506037585,36.535244215390435,-86.32409168426896,-3.7926049010374925,5.987046543450699,10.964332590763773,23.86687164376018,32.00657986700151,33.74663541990638,43.26521417797863,57.96272561978643,67.12636379253871,72.1372182849456,0.008786565452465185,0.0081425275883688,0.0005511131356652071,0.002930222161023184,3.68389798133667e-05,0.00084469967320977,0.011045906484180135,0.016258834286291338,0.006284565582654412,0.0018009011840032134,0.0009604029321460739,0.009911614523366473,0.019088598175051884,0.01273596279908856,0.002447696695196875,0.001226899067720435,0.008039625642851196,0.018636305162351534,0.016435532186873023,0.006715237062995415,0.006239055000017944,0.016603594552803722,0.01749075231481949,0.009700228397187096,0.004744312089126778,0.014079295010173087,0.01679312078106724,0.003576016475143032,0.01162577256017609,0.015245187243638722,0.002684728983630367,0.009460523310969268,0.002009799951711816,0.007623372170105663,0.0014994966001814413,0.0011143522550256758
ctx-rh-lateralorbitofrontal,2012,2959.1233202000003,7.04121,3.59209,7.715167404920273,5.706423313547765,-0.10794235591596574,-0.5354127087638707,3.66358,10.7186,14.6769,7.81334,14.21200867487405,9.16004686275195,-0.10278906960240221,-1.1186846621791167,5.89131,21.6294,-3.19335,1.5141900000000001,-3.0264236344228777,2.7823455795084886,-0.8336850724444704,-0.4815157133816963,-4.62882,-1.588,-0.0762215256690979,0.12422547116875648,-0.09172460633380394,0.17619475296033815,-1.242811301978469,-0.18097030850133544,-0.21131360530853271,0.036264676600694656,2.879978895187378,0.40579771995544434,2.9255347802253984,0.7210412542540975,0.5052103462061801,0.45792240128749473,2.4951746463775635,3.3166534900665283,-0.24396175146102905,0.25068211276084185,-0.17974566646658063,0.4423707870603824,-0.6828242189474316,-0.5511872546746899,-0.4558856785297394,0.06784148514270782,26.61205173771178,50.83023437685831,6.438151634638279,26.05026959416261,28.731804848554322,-18.114840525375225,6.473164559193091,9.862228506776821,18.478642573610895,26.77992986142404,31.425134130662666,48.29047831983558,53.73502919291127,58.653215884715664,77.45147012243291,0.003094939335995932,0.0035369229925574057,0.0008319907651840232,0.001031422916575507,0.0007591215874304114,0.0002115930644799105,0.0036110082482734554,0.0063000474262558444,0.004211815824687664,0.0007395469642556881,0.0009269201304974157,0.003071438744719808,0.006908100571909779,0.006726556559861327,0.003394817314500682,0.0009399744296296853,0.002404464108380317,0.00643967765965059,0.007869443997717053,0.005734801718811697,0.00183012215968555,0.0055567295323175,0.007936022817754238,0.007177757357384963,0.0013866501859289134,0.004610498327549028,0.007357972310481166,0.0010594747278781836,0.00375978095406374,0.006491359611640394,0.0008222805875904198,0.0030569109337729512,0.0006503869963624472,0.002501347904401253,0.0005243895677219041,0.00043029212971754284
ctx-rh-lingual,2013,3669.0701630000003,3.24075,2.671048,4.862593563481658,5.410422075843254,0.702397669070324,0.6257296793116076,0.83607,6.87639,5.1142900000000004,3.6948800000000004,6.339875505736093,5.958263473562397,0.3204231816719277,0.028497157536794937,1.67435,9.30182,-3.27583,1.7214200000000002,-3.042273649422787,2.7968955763458343,-0.4757252836665662,-0.48682824444848505,-4.9099,-1.44157,-0.11960645765066147,0.12567341653630137,-0.10461268691575358,0.17378616763815724,-0.7330874276311755,-0.7786410739313454,-0.2311377078294754,0.026749124750494957,2.1330453157424927,0.5009869933128357,2.1187345467432843,0.670588753044157,0.1694053401577341,-0.1603397920658538,1.591552495956421,2.5999841690063477,-0.26894423365592957,0.3761713355779648,-0.23261386208886448,0.5643145980590704,-0.45508160627924066,-0.5869771194419569,-0.6374182105064392,0.11803882569074631,10.107295571268459,-40.21839692525534,-24.157237930465328,12.342430672794624,-70.32496611181277,-3.137171325242909,4.7953944769301025,12.210759433241348,18.98071983947822,25.875992906984273,39.623827960501984,47.2761774818752,55.65603194045546,67.8804547110467,79.05076908379866,0.0021419155457827986,0.002257703522819757,0.00048784037206691874,0.0002487231005288953,0.00021553362034910928,0.0005584833553108834,0.002576907686213821,0.004061009571765423,0.002400595745464546,0.0010887706921782283,0.0008297257475417699,0.002304286567694425,0.004570862447244866,0.0036597895671603054,0.002304278021793442,0.0022148202603290263,0.0019321521367926438,0.004507098290395669,0.004256241355146021,0.0029119454549062468,0.0015909524397200842,0.004228712481271374,0.004507221201529169,0.003076902371831191,0.0013023347807052668,0.0038783697508596978,0.004612813357050589,0.0010628830475632393,0.003506700474396635,0.004640321901596555,0.0008651916699062701,0.003133604437450133,0.000702410936847369,0.0027702847205365363,0.0005687950555723681,0.0004595217162746215
ctx-rh-medialorbitofrontal,2014,2614.1115592,1.79886,1.662399,2.7445244588372737,3.1185487524678854,-0.36212964466477277,-1.1323993980698468,0.298968,4.63505,2.75525,2.528089,3.51973983256004,3.561467567975275,-0.46417583327610923,-1.0201904704048075,0.298968,5.712712499999999,-2.7494899999999998,2.2557449999999997,-2.7905843786865336,3.0940751246621065,-1.0466902510982297,-0.32104906656336096,-5.07147,-0.521487,-0.09732922166585922,0.13289674371480942,-0.1061667073554698,0.1792187288387702,-1.106194679653772,0.43778509763226303,-0.23473113775253296,0.034252360463142395,2.556875467300415,0.6701879501342773,2.723432633013107,1.02739297656501,0.9864620132902472,-0.10188218813974892,1.9514703750610352,3.3047210574150085,-0.336425244808197,0.2762518785893917,-0.3189747144378114,0.441512203814616,-0.7002849727537281,-0.5617887946457056,-0.6179518103599548,-0.06488918140530586,9.189796994767788,58.29510226235113,14.96253977179533,6.221138791194791,38.75444345450766,-13.32375257622987,6.088121285844664,12.910555342928006,21.51488993015749,32.629351647200956,38.68507963259191,46.5297838709507,52.4484511425974,69.59944910716587,76.23592191249516,0.0018282232403876038,0.0016587742095722597,0.0005364118493163296,0.00029149127669024326,0.00020130464820384414,0.0004984753369018519,0.0023077543367639045,0.0029655894520108517,0.0017819377049217142,0.0014760986330454977,0.0007469732472927612,0.002226859712423307,0.0034415173000267875,0.0025653601168731327,0.0023890645558570026,0.0019908405400358756,0.0020372311778150327,0.0035617619031969028,0.0029770323316410125,0.0028705162061205755,0.0018353610099077105,0.003534456868050224,0.0031760666636040697,0.0030698453214577427,0.001643007269427596,0.0034424180563864394,0.0032646941791838417,0.0014640036584950894,0.003314309171581951,0.003300662837231418,0.0012986586119722021,0.0031590840228320747,0.0011470459188142072,0.0029814345496709366,0.0010093548507479559,0.0008856735753157408
ctx-rh-middletemporal,2015,4602.9588873,2.5661,2.5093574,4.607264438920196,5.6334123020577085,0.3079719158976594,-0.3877903005900971,0.140054,7.5522,3.37799,3.3075917,5.269350061065073,6.0431176100250505,0.2079440870326694,-0.5010095987819905,0.140054,8.60593,-4.18753,2.17253,-3.879341907968372,3.0527108534758276,-0.8023853113884885,-0.886927123233999,-6.16505,-1.72952,-0.12632650136947632,0.11782081052660942,-0.11868242564970573,0.16293704026481845,-0.9672249799921561,-0.42140834479459954,-0.23229527473449707,0.00416267616674304,3.0297398567199707,0.5015101432800293,3.0629957058065638,0.7117583840134414,0.7337013409789636,-0.2555991742098098,2.5505735874176025,3.556962013244629,-0.39757639169692993,0.30246806144714355,-0.31702599938907067,0.49358096213861635,-0.4189190946377847,-0.8045700976018204,-0.6686245203018188,-0.036028098315000534,53.17187663448239,-1.2098964103116419,-14.650209588766947,58.23603922029831,-27.78481062740121,-13.02940902016128,2.9187940310927485,9.528836309479697,19.766692173632332,25.147239694687556,29.07049291610233,37.746711127126524,52.060051789871686,61.412356913469765,74.73973020897698,0.0053959214209864485,0.008582081149477236,0.006085492365219776,0.0006958785413595497,0.0032419459657785387,0.003659669844583626,0.004061893629134554,0.00981384297938666,0.011911627743506563,0.008714426936997175,0.0033083340262790254,0.0019321293903841305,0.006080813250189535,0.009899010411917167,0.010925333318046796,0.008776808968378357,0.0010609826116015654,0.003905947700015627,0.007303410643872202,0.009371822376738783,0.0006772154494745765,0.002882551864954554,0.006102776532908721,0.008538615310438787,0.00037490314326403854,0.0018091826314291088,0.004330637604718917,0.0002074176761381108,0.0011006907251384624,0.002868378177886041,0.0001345484263026894,0.0007913442914223671,8.474249422000112e-05,0.0005490555051370326,4.9107018364621844e-05,2.96720759730394e-05
ctx-rh-parahippocampal,2016,1072.3307433,2.48317,2.124101,3.5898148569363455,3.528468136892258,0.10906089661352081,-0.8373946236187169,0.619579,5.94947,3.99951,2.70376,4.902214711983923,4.161592669392201,0.05365096508160148,-0.6913433155387674,1.45465,7.44007,-3.61454,1.4668400000000004,-2.9791644127917745,2.6004619932185324,-0.373762922275922,-0.8611934906587155,-4.65106,-1.06713,-0.10508982837200165,0.09321831725537777,-0.09187841982398867,0.1449235222887007,-1.052441340054442,0.29340998827459774,-0.17766942828893661,0.01682770624756813,2.5354442596435547,0.46127986907958984,2.592419173755072,0.7594786350746674,0.7537291828923129,0.8467900135561814,2.0822291374206543,2.9983134269714355,-0.2619236409664154,0.2860175669193268,-0.1904281312412823,0.40163255109270335,-0.33498460191993545,-0.9346556392672238,-0.5133846402168274,0.08918878436088562,19.14716628569006,-2.6724248509384414,-21.07238781759756,20.65156564629953,-33.865844817168316,-18.992352064799057,5.930423481836223,15.137851270807019,19.286051698503318,28.840813571550658,42.661929822637205,49.38769987452036,58.01609148247389,68.46722872526801,69.85825937071118,0.0016816153200563194,0.0032547233728543214,0.003685143843947916,0.0029384370314125326,0.0014773270050734216,7.78370702627336e-06,0.0010535636052423944,0.0030122782894846747,0.004885397571401438,0.005757861704651782,0.005233060242373996,0.0004622776758570136,0.001728706158354465,0.0035863383545886333,0.00537532553727647,0.006351864081506269,0.0001789585057673657,0.0008223163367603756,0.0020630425242773123,0.003707454304788969,6.536968105251864e-05,0.00035459363870817527,0.0010372410881044681,0.0021556367236944774,2.397168319214328e-05,0.00014908625022804216,0.0004947021498594148,9.380639705790659e-06,6.55617717266653e-05,0.00024220924633883086,3.93637320327663e-06,3.057400339880223e-05,1.6848735804933044e-06,1.4427376812805787e-05,7.065032988722163e-07,2.879982021997398e-07
ctx-rh-paracentral,2017,1620.1753187999998,3.61245,3.379674,5.565404351166281,5.665647222622549,-0.15632222515160896,-1.3822315024480891,0.622464,9.77188,4.80895,4.076725000000001,6.70863391602742,6.297069056099794,-0.19518008470046386,-1.3515914709224126,1.35584,11.3537,-2.66726,1.86349,-2.283460598583198,2.862561075679135,-0.4920152810363365,-0.7879705726585788,-4.36522,-0.534877,-0.0534566305577755,0.09851809963583946,-0.054493398750977126,0.13614310187872136,-1.0785240828627345,-0.30752814948351626,-0.14457358419895172,0.04900103062391281,2.5107951164245605,0.3361501693725586,2.5428680602453095,0.5105894653714629,0.816387846495471,0.20619452746234712,2.1936497688293457,2.8701701164245605,-0.24315513670444489,0.3881499618291855,-0.09869488291791223,0.6208822609425202,-0.3697889482839767,-1.0626376609794144,-0.5536762475967407,0.36747193336486816,8.10116471945675,-27.710901616734624,40.610156894999385,8.358198723765067,-28.332515120966047,56.35463954924271,8.0776058357304,13.079625140410824,22.2164626438177,31.593846215514183,42.181602633444435,51.39824147944052,62.53530145469029,74.08705507464784,83.01309667019609,0.0009779881574632323,0.0015824776399833874,0.0011643895245196255,0.0001822078126560194,0.0005467266098406097,0.0005619336693504498,0.0008692724114565398,0.0021207520372951757,0.002572645379195572,0.0017760522347541137,0.00036326115605810327,0.0005472796859146906,0.0017591479908778494,0.0028631840767284976,0.0029414426798737322,0.001840313243972992,0.0003067306763873977,0.0012163064028112743,0.002454509814983672,0.003230949911276325,0.00016118776603381939,0.0007575214109312897,0.0018135546263870783,0.0028722179504020832,8.13464211120796e-05,0.00044075638801843286,0.001215827967717102,4.0213480686243626e-05,0.0002460866368336773,0.0007655904690447551,1.9939216652817614e-05,0.00013559712303605159,1.018067495568283e-05,7.597006388044631e-05,5.439722551806128e-06,3.0231011139885358e-06
ctx-rh-parsopercularis,2018,1675.5491878,7.00124,5.83159,8.5264311729082,7.511143032642054,-0.20635805120690415,-1.287520222295159,1.70169,14.1338,8.35383,6.29623,9.641734018465275,7.858761512266749,-0.24683150139861115,-1.254468854466859,2.71201,15.6532,-3.58425,2.03271,-3.7446971431942346,2.9742956683087636,-0.8819808337743902,-0.5848545198244852,-6.08564,-1.91774,-0.09577285498380661,0.1131218895316124,-0.103187462618786,0.16218751547647234,-1.2061125052976331,-0.19267726948155772,-0.21030916273593903,0.015054228715598583,2.950079917907715,0.31291890144348145,2.959070365770545,0.4524612538181914,0.5417030677042334,0.7728766924943065,2.6441149711608887,3.2675979137420654,-0.3616218566894531,0.4136781692504883,-0.27561226643350784,0.6202806262243572,-0.5844676867941311,-0.8914935820839154,-0.7243034243583679,0.11266512423753738,47.528158160514174,19.775217248422464,25.169855378325995,50.30014209568798,10.046577638455304,16.78290001832715,3.174173478606672,13.158723193600952,16.378235156605253,29.624840917494666,39.33568271776165,47.22254583429526,55.06393943299786,70.05267873682847,70.96938159820648,0.0008844015147571163,0.001528601529496147,0.0013133260798527204,0.00043445296725967307,0.0005095049932928402,0.0009377141211502918,0.0007169732387170372,0.0018765388309485412,0.0025817831257087492,0.0022452738664195636,0.0010248957745538517,0.00039776732139960565,0.0013768514385225899,0.002518206067367893,0.0030933915095893963,0.002632542623847557,0.00019301189294407102,0.0008263795661588992,0.0018639466663137548,0.002867918258341102,8.769842386224294e-05,0.0004459744705948856,0.0011894554245861682,0.0021733546660375274,3.881065787731163e-05,0.0002281590785025906,0.0007004642362701757,1.7212856627063362e-05,0.00011476963780040758,0.00039818698010315274,7.770802143726506e-06,5.7936744152614735e-05,3.5703207366228553e-06,2.9427600416803225e-05,1.6525943857471728e-06,7.623712482541323e-07
ctx-rh-parsorbitalis,2019,1219.3561943999998,2.51519,2.395947,3.435669925256383,3.566754162759861,0.49531958042506213,-0.45477059619760807,0.182194,5.7338,3.29046,3.190106,4.702144845253904,4.803112808452318,0.5424168223391741,-0.6722813575177105,0.182194,7.9145,-4.63578,1.7684699999999998,-4.119092810043699,2.6641434252901735,-0.3582068497164232,-1.1482348940000386,-6.16254,-2.3687750000000003,-0.1451423168182373,0.11712911166250706,-0.137790132750059,0.16657558454487267,-0.6895211157162946,-0.6485321723625614,-0.25835758447647095,-0.022733815014362335,2.964829921722412,0.34104347229003906,2.907958806282196,0.5344517898313904,0.21628131507603304,-0.36173393804755705,2.5945844650268555,3.2942609786987305,-0.6003621220588684,0.23155438899993896,-0.516439810601458,0.3499746767105455,-0.14494690218925704,-1.027703010801666,-0.7851404547691345,-0.27432480454444885,42.02568874727345,56.692665936679916,13.208375962636646,42.77385843351611,38.09469237005146,-14.12510834935808,5.289898290474363,12.362296908949787,17.228393786353667,28.087732483799275,36.525898853270064,48.63224695632787,58.35413802158244,69.54332411562618,73.76830369663286,0.0011889267749891786,0.0009837992441599616,0.00042000562863579553,0.0006974552602647876,0.00013312670708564428,0.00041463254329124344,0.0016082881390025055,0.002305285766826015,0.0004845500367781356,0.0010174995373948808,0.0003790861631762216,0.001537980338203847,0.0030273518163554405,0.0017600933282364585,0.0005612215454305464,0.0008115767508030331,0.001321382590704252,0.0032570705179162463,0.002860345750618385,0.0004262781684464805,0.0010788187547733721,0.0031660014268022115,0.003606857953108323,0.0014812403644618242,0.000855877321866757,0.0028962206047779436,0.0039926099312674644,0.0006671333480978683,0.0025461077687066415,0.004081077398137408,0.0005140744287361677,0.002177199432036586,0.0003930647070065953,0.001824637571544614,0.0002989207013717499,0.00022645934751187196
ctx-rh-parstriangularis,2020,2345.1374678,3.83468,3.69532,5.470686573701109,5.915036944421239,0.20628407012375172,-0.6676064917094573,0.301099,8.74677,4.65087,4.481526000000001,6.29078236163265,6.479676158669254,0.1372272101971453,-0.7504973312421575,0.775946,9.96362,-3.72521,2.24537,-3.639656320073696,3.0149272329708223,-0.6262812958450128,-0.7742619693062953,-6.05739,-1.60875,-0.12856842577457428,0.11991468071937561,-0.11718950040647624,0.16671358251462154,-0.8480572261610966,-0.5910180769813849,-0.23384085297584534,0.007564942352473736,2.7750158309936523,0.3939673900604248,2.763526865262037,0.565344161126968,0.45648712996260826,-0.2023120498126847,2.388681411743164,3.17313551902771,-0.2849218249320984,0.37708525359630585,-0.22479232722620263,0.5664619432863089,-0.3071350532820873,-0.6085145439235995,-0.6480684280395508,0.11014911532402039,46.70619058943941,42.47568952944715,26.062619874922493,48.36256391491717,31.316153933362106,6.175820777393766,7.504956143854882,11.176804951979095,26.929525027395933,29.008349017212723,35.44063086270933,55.34619263595007,58.50136567583889,70.59003007913957,75.24450708763374,0.003351924520770805,0.004617463337739845,0.0022174114268436987,0.0005392163281048414,0.001080190098464503,0.0001513136676623405,0.003477877880991086,0.007204253675572687,0.006502329212401922,0.0025770746123788763,0.00027540008616343937,0.0026348598689927465,0.0070971819107365,0.008758073321514803,0.006001419199573506,0.0022248618910515002,0.0018315382976435799,0.005993620109319304,0.009156922778483227,0.008277877375982342,0.0012281016639617615,0.004690524614457462,0.008434968342654132,0.009210135449170296,0.0008095659342350951,0.00351398232060291,0.007210422009007827,0.0005294011355762638,0.0025627244533195323,0.0058750997957384135,0.0003450858392896607,0.001837128487043947,0.00022484454331389824,0.0013023319239609413,0.00014668694084582238,9.593223700633669e-05
ctx-rh-pericalcarine,2021,1497.8722727,7.96385,3.42791,9.114960955630975,5.426623977615295,0.23522845734375156,-0.5100051023463839,5.16407,12.4237,10.10755,3.97849,11.20740126007411,6.5376575791490055,0.3316667376978704,-0.29931867669839685,6.39491,14.7193,-1.08755,1.556832,-0.8849938624601331,2.3542623550523403,-0.32437717977130404,-0.20969765651282257,-2.4876,0.670652,0.006387465633451939,0.09525677654892206,0.0020877773479422855,0.14359031572786,-0.9005148436134744,0.052201036959707015,-0.0856616348028183,0.10545369237661362,1.4299991726875305,0.3305676579475403,1.536722490990846,0.5393080511707383,0.4993510539810904,-0.07286470951815094,1.1381510198116302,1.8448657989501953,0.01865929551422596,0.29998508282005787,0.0507016693146733,0.46704275845880766,-0.23363436214904013,-0.2864238307424971,-0.26974207162857056,0.3372252583503723,9.567642896794128,-53.3660184017589,-22.55857524822393,12.297897812940493,-81.69561632194802,5.151885141538382,3.715918552212559,13.323235292671724,19.668775292095553,23.86635053346133,37.743067900842235,40.401740528923774,53.38352098007035,55.81771415925356,72.0369107137089,0.000278741924856842,0.0004741754458235082,0.00045636825813510944,0.00030835590388475785,7.722356523141816e-05,0.00015880069239488834,0.00022742196304098572,0.0005419116077713226,0.0007395364261614753,0.0007946423702351593,0.0006469895117227171,0.00014706956604236744,0.0004158570867450105,0.0006735847829243425,0.0009116121676295989,0.0010418006224169902,9.802456562208883e-05,0.0003004633889173669,0.0005127004579483695,0.0007765172972336148,7.07476049740619e-05,0.00022874414394734687,0.00038295033026080575,0.0005710352761933001,5.439030532747124e-05,0.00018760069155887528,0.0003118676613459391,4.325612264974182e-05,0.00016108312520317372,0.0002795422940699953,3.491673453599858e-05,0.00014058813006350698,2.8369655697310313e-05,0.0001229034742557123,2.3145595859759086e-05,1.8964120118595832e-05
ctx-rh-postcentral,2022,4884.5057834,4.73121,4.395696,6.25194588844385,6.1121350106586565,0.3876434414848608,-0.5337601234110738,0.724675,10.1081,5.4418,4.611839,7.0918502979522895,6.857180031755524,0.521467749811588,-0.010371269952603956,1.19185,11.1538,-2.38174,2.2830714000000003,-2.5038274260432245,3.0095130115730373,-0.5950411903062103,-0.7841281407653491,-5.01406,-0.407827,-0.09721662104129791,0.13661441206932068,-0.10033286876892951,0.16909702262178802,-0.7768776996151319,-0.8422259795387994,-0.23637451231479645,0.037071593105793,2.003089427947998,0.4030132293701172,2.0428365763046292,0.5470197121517246,0.5044659437701644,-0.474449108436684,1.6171234846115112,2.4315666556358337,-0.18986496329307556,0.4112721085548401,-0.16102198263956516,0.5692305732338335,-0.3346063380151375,-0.7749915900191291,-0.6057054400444031,0.21447938680648804,39.184952172072705,-22.43434513982096,37.04257266154734,42.69402680257682,-23.606145708636323,50.21262805319951,2.6613105854904964,8.553519237983316,15.225250035252651,27.758551518261434,31.89544623558228,40.21166251655917,49.21229425791112,54.2591751379763,62.63507734075681,0.004506316980144497,0.008008491351854316,0.0077216244593400745,0.004743680095554239,0.0013989358793470325,0.0007237083854802527,0.002930907527315548,0.007561809490491044,0.010525206792130367,0.010349113639721986,0.007989348602388868,0.001433076411414413,0.004647925097833048,0.007912551071520767,0.009438406929986905,0.009107896484310048,0.0007475292317622479,0.00289724074848536,0.0057751909694343665,0.007874475152600183,0.00038977119935122657,0.0017460990047939435,0.003980219220164921,0.006164506142829647,0.000208068165640978,0.001047575074260376,0.0026458894820839654,0.00011708575217590474,0.0006570320783628175,0.001831669517523128,6.72894032848276e-05,0.00041791791621303265,3.885132361965374e-05,0.00026479736210623003,2.2379906141632507e-05,1.288645972951834e-05
ctx-rh-posteriorcingulate,2023,1522.4167450999998,2.33719,2.0589955,4.233329487757546,4.699456350206047,0.22007017939085113,-0.8507932396249469,0.593368,6.663055,4.00048,2.7501799999999994,5.294191513654745,5.021129373547458,0.02541923474082541,-0.880433388785991,1.52317,7.84082,-3.06759,1.24315,-3.047077146334615,2.393966136447856,-0.8590477568159908,0.033893145204168196,-4.3852,-1.86922,-0.09044972434639931,0.09857162553817034,-0.08193746137283596,0.17539825124185335,-1.0379542896204212,-0.3112674613265356,-0.18222054839134216,0.01635517179965973,2.707453727722168,0.4460430145263672,2.734045088356444,0.7093709491538006,0.7486531225461542,-0.08692329847277058,2.30777645111084,3.2139761447906494,-0.08724715560674667,0.20622149854898453,0.012366771344423533,0.3873417700498605,-0.11795142529623964,-0.6845313043415744,-0.26520735025405884,0.21547949314117432,6.288875123677777,-13.286347738855365,32.9100824076671,5.848459298611103,-18.785620248479177,41.2031175255253,6.782355889654627,12.357761277478657,21.686633501065273,27.756218134910284,35.463486573433144,50.9049516449053,54.262287994761046,66.16960904447215,75.34398491700728,0.001807080327711078,0.003520643755168662,0.004039137222899067,0.0032987561211022987,0.0017509342192117319,0.0001076906611601448,0.0011071231017120097,0.0031866557633613043,0.005225376664200121,0.006258947863289631,0.005821468507100144,0.00047188359516992466,0.0017773056669736357,0.003726329924885694,0.00566523328290375,0.006817806810005749,0.0001764848192640467,0.0008173344233615419,0.0020727255842917626,0.0037762147562755925,6.225560632434722e-05,0.0003406534384556132,0.0010078173823930136,0.0021236490751550693,2.2315191196686663e-05,0.00014011780137528881,0.0004705736967871778,8.70336700603603e-06,6.146583620396395e-05,0.00023003390232729666,3.6487699627117654e-06,2.8653086733489777e-05,1.5392127937305036e-06,1.3324038950696599e-05,6.272446323769339e-07,2.459833132091813e-07
ctx-rh-precentral,2024,5584.22048205,5.37481,5.166318,6.884261014675975,6.636413949571969,0.1984447916402675,-1.0178923610428847,0.504736,11.5002,6.14603,5.871370000000001,7.885050117059326,7.657430898329717,0.4619336334510509,-0.22700729291174548,1.01619,12.76995,-3.09373,2.0161300000000004,-2.8419993890069626,2.959958718872485,-0.4342470927208816,-0.647301944847035,-5.07774,-1.0298,-0.09005921334028244,0.10609354823827744,-0.08490180916016579,0.14997446413760276,-0.8521389032192045,-0.5534355783503746,-0.18887296319007874,0.024036183021962643,2.637709617614746,0.38690805435180664,2.5961749423803395,0.5632513688928475,0.19911971953295088,-0.3758055065824708,2.228027820587158,3.008275032043457,-0.24399298429489136,0.4456040859222412,-0.14218438140701772,0.6240970316255491,-0.27568188148814327,-1.052782662609187,-0.6532744765281677,0.2760702967643738,35.68025849408164,-11.05141134484355,43.02476677975278,38.18695317407875,-10.48205525769856,50.50439152198485,3.0426545140749557,8.803353738382215,16.981271046795285,24.40222479554451,36.44905076192224,43.6857922015053,49.54899748711509,64.00998148151305,69.92435068861792,0.007063427668502829,0.012491557734001051,0.011774914691013763,0.006571219654794215,0.000795929141061939,0.00254914443679782,0.004571326591774032,0.011844556420948667,0.01642544852785115,0.015611254525387405,0.010810704226379943,0.0020958315493240344,0.006888189263402896,0.01187581942079745,0.014151207099557217,0.013159418121457836,0.0010589365278615254,0.004167604379816225,0.008423181378806014,0.011500625391064875,0.0005610225251330862,0.002584261571239562,0.006058543537354759,0.009495783049930089,0.0002870612557453351,0.0015081019190965677,0.0040074739590118804,0.00014625435005907918,0.0008600123868452329,0.0025443796028341856,7.602723560278526e-05,0.0004943353418259749,4.0505020672074e-05,0.00028897643134695363,2.192565126163352e-05,1.1895747915968206e-05
ctx-rh-precuneus,2025,4561.424049900001,4.47468,4.287404,6.434657259633734,6.8415840513006625,-0.22840088455402918,-1.21552421983238,0.587819,10.7506,5.41863,5.122834,7.557146090853355,7.8061327318055795,-0.14725208817976027,-1.1075708510641076,1.24775,12.0354,-2.85642,2.171133,-2.847672649077011,3.216186435235953,-0.9881491244454349,-0.6597349753575359,-5.11666,-0.767027,-0.09531572461128235,0.1326638162136078,-0.09783830435552639,0.18003712765914698,-1.208149135712461,-0.1540481137060432,-0.22797954082489014,0.03735039755702019,2.636523962020874,0.32900166511535645,2.6450866786296676,0.4726684831708139,0.4833968519020475,0.15800762783292077,2.3135275840759277,2.9743566513061523,-0.1550014317035675,0.43181338906288147,-0.08637536061125199,0.6515261742791493,-0.8411414273910884,-0.8233419138572842,-0.5344464778900146,0.3458281457424164,9.00270361806108,-47.41030096660118,13.263010759593213,10.741575172426947,-59.32833523640256,38.54621498902095,4.513257073697621,16.270103649613212,21.9711117897917,23.88822946677896,34.052053913935,44.172163534317384,49.66516666611216,65.18786669305494,74.79496386818289,0.004791437553697101,0.0074905474828960514,0.005307558380710066,0.0012562215817291237,0.001032187306182983,0.0008765101526006314,0.004209670032066782,0.00968912908372014,0.010826501406184253,0.007128848804815107,0.0028577554003889703,0.0026630723823949987,0.00788610098596822,0.011414568761959436,0.010288337887395298,0.006482632932029012,0.001541044602648887,0.005516834894873241,0.00963300459363357,0.010564274683650645,0.0008620965469009187,0.00360426277711283,0.0073367374988369425,0.009399984102620404,0.00047791236574442996,0.0022813038053354547,0.00530242600196237,0.0002684614726095117,0.0014379657734820259,0.003753617434091267,0.00015624487964508002,0.0009259310616230947,9.502827502269478e-05,0.0006163211690418491,5.9662856280536764e-05,3.787441195806233e-05
ctx-rh-rostralanteriorcingulate,2026,1060.8342223,1.43574,1.2972000000000001,2.862158204042029,3.0906499935677934,1.0819646649696673,-0.09678353235430226,0.320473,4.90111,2.78789,2.522341,3.722107482425413,3.468552115190419,0.7725033827571012,-0.37893182709290674,0.767527,5.78135,-3.24866,1.82047,-3.3818316846389433,2.445884475437494,-0.9722369928958056,-0.45974674256627157,-5.32462,-1.65453,-0.10524944961071014,0.13750463724136353,-0.10865947797710644,0.17762590928570046,-0.7488083780083951,-0.7040465921346684,-0.2516094148159027,0.026500331237912178,2.959001064300537,0.3371860980987549,3.0054930433404907,0.5951697260119595,0.018272712734697053,0.3308992306481273,2.6687588691711426,3.3282241821289062,-0.11579959839582443,0.16757198423147202,-0.09286100983230171,0.2600126450122836,-0.16468674067923358,-0.31461195766804506,-0.26975706219673157,0.07738355547189713,6.88463596569949,50.39474733523132,27.510613750044453,3.780543928467827,37.2943622997615,3.4269776897749002,5.087353648699866,12.554440497372173,17.99721961160558,22.59725540185318,36.972444828293675,49.09793634127469,56.08255110808532,61.387398827277664,78.09821375751837,0.002421408856468524,0.0028197096350473906,0.0006021899628939754,0.0008604583196577375,0.0003180292035659376,0.00040804696535438195,0.0028041150597638434,0.005024865525074795,0.0032115214152017442,0.00018577836365562338,0.0004587916655694383,0.0023607031553541415,0.005543514897684351,0.005255550811176696,0.001995749624045571,0.00019094140991140308,0.0018164453680504984,0.005204484698205631,0.006327489375871017,0.0037727898501844406,0.0013432697304074934,0.004507010002451851,0.0065870955951509965,0.005101653965753668,0.0009730736563824472,0.003721852054358223,0.006301104864328642,0.0006968846776004553,0.0029812112215320086,0.005706503673542906,0.0004959536259494429,0.002339499214647053,0.0003518636309264992,0.0018102206697979714,0.00024939805051324475,0.00017687035043118793
ctx-rh-rostralmiddlefrontal,2027,7606.151199400001,3.56356,3.4383839999999997,5.031960877459089,5.3373936524964325,-0.3679392046967568,-1.3302246679845773,0.307328,8.66083,4.18974,4.0321929999999995,5.626558516658797,5.729184362774784,-0.3755126596220578,-1.2807064496520668,0.724823,9.469445,-3.5112,2.09081,-3.3094263631707084,3.2221321208460627,-0.8314835299808517,-0.7992138630609618,-5.56835,-1.38233,-0.1043844148516655,0.1333257295191288,-0.10782974530373117,0.18168239196461017,-1.1164266903169617,-0.5305859101315877,-0.23823097348213196,0.028069326654076576,2.625730514526367,0.3573329448699951,2.6432901654513925,0.5241042134573649,0.6068588071229928,-0.2976181556332631,2.2853055000305176,3.0082879066467285,-0.2499256432056427,0.31646856665611267,-0.16562419999122474,0.5182099299156295,-0.6122254948289946,-0.9467657059885721,-0.5263729691505432,0.13481435179710388,33.63272320667296,51.35640709991067,40.73682534661912,33.18373181131146,45.76324740732618,16.523493629618887,5.686542910351952,15.767702661242138,21.196403845561807,27.11083510877109,35.92800714956001,42.45203799382321,61.456563559212384,63.2777221405904,72.3769658748267,0.010754634641654907,0.00856806675473053,0.00018345746408547636,0.0007732269433303046,6.827296778730285e-05,0.00047744338140726095,0.013948817881941196,0.017080747964843594,0.006108117852900079,0.001894501466069358,0.00192193185086194,0.013182236371176813,0.020311113879640432,0.011374499176742872,0.0054320469710100365,0.004208974741345497,0.011449826057285502,0.020456093657191424,0.014199770487818869,0.008169392062933661,0.00962465210895555,0.01910995945096644,0.015023495086570644,0.009595810048075344,0.007974398373168665,0.017185183627973305,0.014647646665057409,0.006559403273884632,0.015128592495918849,0.013702643379762536,0.00537299837771964,0.013138390120841493,0.004390426595657316,0.011302839929599554,0.0035837284337283466,0.0029257256382687414
ctx-rh-superiorfrontal,2028,8861.459675299999,1.48125,1.4467634,3.168607070194674,4.038816496456246,-0.0411389448118307,-0.8624005743903354,0.128086,5.43719,2.3223,2.2664069,3.8410910711256685,4.571962001999037,-0.12046709478333124,-0.9349734911929977,0.128086,6.37694,-3.71508,1.95947,-3.4996670066720394,3.0397462423586945,-0.8574055616025449,-0.7351057173294433,-5.54873,-1.59772,-0.10634790360927582,0.11203711852431297,-0.09932642152720372,0.15536496175194506,-0.9557875545020504,-0.7592179619521584,-0.21370728313922882,0.012060332112014294,2.9322701692581177,0.34089744091033936,2.8984860882604617,0.5234456013389718,0.46876584172664376,-0.18152616691094314,2.561184883117676,3.252026081085205,-0.3536924421787262,0.33208125829696655,-0.3017380631068259,0.533994734165937,-0.7132606270072376,-0.7711928250849902,-0.6587780714035034,0.015161620453000069,14.096849739482181,27.10425453490509,55.95892039712119,12.293362972414178,29.65655791395045,44.195087043107826,4.863167705498615,12.966174919490637,20.146575427528447,30.65876197362638,36.54258879203857,51.10904241071768,56.691708847499925,64.38001137674473,74.93491977394706,0.013535623693164096,0.013081666282206375,0.002536095823081508,0.002091040846344247,0.002165219079521191,0.0002548364062563979,0.01576700483655856,0.02282971019253853,0.013686966437737756,0.0041129882968892586,0.0009877154753602062,0.013102514463932208,0.02330060460392891,0.020145355863956056,0.01149676539183049,0.003662810675582789,0.010258897923204653,0.01998888653692849,0.020737507506210003,0.015755447531423553,0.00827352282115837,0.01659207345532412,0.018178446376680864,0.01626768063761601,0.0069318785687110035,0.014230712872208414,0.01531843831087055,0.0059008578693374655,0.012503471844604647,0.013258839622541253,0.005054253454082445,0.011021724455865162,0.004362522917654312,0.009759059666327462,0.003796812137007931,0.003323569346379613
ctx-rh-superiorparietal,2029,6740.2430083,3.62379,3.48887,5.001319244810383,5.29293765181541,-0.16238610041350132,-1.0814584962364706,0.357383,8.20673,4.37716,4.1845245,5.710111437118045,5.775583549239912,-0.19583921751906383,-1.0884170233299653,0.87901,9.26607,-3.203075,2.177225,-3.091559941222894,3.148695609280273,-0.7710706774763291,-0.6710055423059189,-5.3888175,-1.028245,-0.09379231184720993,0.12079720944166183,-0.09638717166968935,0.1674525278632192,-1.020988161344662,-0.4855428002706339,-0.21746666729450226,0.02488868124783039,2.251129150390625,0.3090202212333679,2.2533305731314135,0.45768132319169036,0.5606777093276225,-0.21872399940594,1.9474124908447266,2.567150115966797,-0.24799002707004547,0.3453240245580673,-0.19795955473728938,0.5551177402921859,-0.5722885946362953,-0.682155646104238,-0.5783137679100037,0.12175467610359192,21.66392250325372,-56.671447538352574,18.133032824736144,25.117093305901758,-64.91729115135814,48.25847346396872,2.8927279302828817,14.133495032019793,17.031114988571467,30.352903484033575,38.15763540710862,42.08358970281854,54.209918724402016,67.10276284614633,77.30020343556077,0.008517052034254692,0.011617097896934232,0.005348649000502562,0.0017161882010865766,0.003022497144410493,0.00044899013208327815,0.00843511434140361,0.017370646128142153,0.015526886860238955,0.0059515181836880615,0.001175613061613162,0.005784639434630072,0.015477917849337922,0.019069140787841953,0.0132600372610763,0.004767635674120598,0.0035311075268578867,0.011371552086892512,0.0172468891058576,0.01599692640648057,0.002110862411184676,0.0077786813639568846,0.013564216531247264,0.014937669675491379,0.0013154522490604805,0.005396436334775854,0.01039712110095378,0.0008579835730498358,0.0038847420818324003,0.008197596119831696,0.000567520077477491,0.0028155788115234856,0.000375321909058126,0.0020185086907461695,0.00025052150107773206,0.00017035347427488576
ctx-rh-superiortemporal,2030,4326.3722179,5.84422,5.424480000000001,7.341163866785793,7.388018786340309,-0.38611852881987985,-1.2126684752854444,0.718835,12.23,6.93054,6.052372,8.647894706159256,8.30270571894389,-0.43999886522060805,-1.3108722715242702,1.4472325000000001,14.4526,-3.09284,2.472708,-3.310315811438745,3.338306194117621,-1.038870805313787,-0.6685139930961581,-5.9393,-0.992675,-0.09399186819791794,0.10790083557367325,-0.09934068970273259,0.15237664920938368,-1.1587572920867468,-0.04439943774598598,-0.2054082155227661,0.011194881051778793,2.994006633758545,0.47507762908935547,3.0256944375046153,0.6708387890700592,0.7686275978738478,-0.17627836804750885,2.531696319580078,3.491111993789673,-0.36069855093955994,0.46735144406557083,-0.29668277474549204,0.6496937502009617,-0.7624481438197076,-0.9982339366010939,-0.808272659778595,0.12009458988904953,50.723799467629064,10.248761487687311,-0.4748571411370357,54.746473253506124,-10.669331104289071,-4.441216174187811,5.470874836502502,14.920879179570553,19.957835016145044,28.311379469664182,39.733723576836425,47.58895953202114,51.337982893742414,66.2799332773361,78.28652675632443,0.00400754894491789,0.007176180643361647,0.00705424909706851,0.004535287147995818,0.001533817674805471,0.0005923642527582123,0.0026989197915684615,0.00706718937439122,0.010127781618077683,0.010417175106401442,0.008416238515741442,0.0012659703709936012,0.00418538925656914,0.007470710230545453,0.00975292640583381,0.010550066137779396,0.0006242943312495351,0.002379251420247862,0.0047184352191090686,0.006719085009817694,0.0003591807601459251,0.001561599426720311,0.0034156943681017946,0.005050407640120516,0.00021114577613127824,0.0010409541599259874,0.0025567071515606907,0.00012338336255028522,0.0006765079109223267,0.0018334436821097857,7.339873321272113e-05,0.0004429541773952492,4.4296224743800526e-05,0.00029242816073074367,2.6878048489467405e-05,1.6387278892371007e-05
ctx-rh-supramarginal,2031,4668.083345000001,5.35981,4.889299,7.351026510117437,7.279998366926723,0.1201411383092147,-0.9248830953574627,1.08865,11.9586,6.19948,5.19772,8.181022420777843,7.730940798138046,0.0882789567655762,-0.9071378211160512,1.63432,13.1183,-3.40085,1.8786399999999999,-3.1355687455274364,2.9898090533378987,-0.7099434660576621,-0.7701715831352258,-5.21029,-1.41672,-0.12200217694044113,0.13773337751626968,-0.12014642488134314,0.18758253328773586,-1.072419240264091,-0.3572746806992284,-0.25320541858673096,0.021699557080864906,2.4482967853546143,0.3485453128814697,2.461653467963364,0.48982033549873644,0.18729367795406723,0.0751702306533586,2.105764150619507,2.800797939300537,-0.23671020567417145,0.3651980608701706,-0.13266703874998137,0.6022103813487822,-0.42940781283300716,-0.8757369182858463,-0.560789167881012,0.2114647775888443,49.66056406324806,-27.79822813192355,16.292038654004397,54.94562821539781,-37.816281344951555,31.89096173960971,5.646739885314817,13.948632901160076,18.084850659834572,31.669148145743055,37.65605312470196,43.3716318233853,45.32471763832292,69.3691529227857,81.74065189929789,0.004537324772414489,0.008700886317972674,0.009667802052304069,0.007442509371027471,0.0034343444325728714,0.000397242410158707,0.002793831235194035,0.00789855633484631,0.012569222439309816,0.014390051227494647,0.012515354894344223,0.0011745293079452896,0.004326232001403941,0.008767750344824337,0.012706595211229505,0.014321085113643358,0.00042835507825910704,0.0019294657894383114,0.004701298870389245,0.008110977588237133,0.00014553600820536652,0.0007701244202387431,0.0021747174864000067,0.004305638787329264,4.9556011962477305e-05,0.00029978377736101727,0.000957023507092822,1.845897000039069e-05,0.00012574184560418093,0.0004485836299074452,7.62062930352328e-06,5.798332642396459e-05,3.2511182511952516e-06,2.736328761112092e-05,1.3636061358619052e-06,5.589997100667311e-07
ctx-rh-transversetemporal,2034,383.64454759999995,21.1858,3.7225,20.96081182269572,4.777304866589661,-0.4971319381446718,-0.7740231379752149,17.4104,24.8852,24.85435,4.196349999999999,24.30642644853744,5.615320778439363,-0.5368060600376535,-0.7267273913509427,20.131125,28.772000000000002,-2.56355,0.7136100000000003,-2.3510246951610214,1.0958442282905747,0.0460228399484021,-0.2445124123639686,-3.171925,-1.73485,-0.12343978881835938,0.08565990254282951,-0.10549122548069507,0.12161560803218865,-0.28574419618265134,-1.0720394651535616,-0.20462819933891296,-0.02809713501483202,2.469417095184326,0.2209300994873047,2.4658834700314656,0.30566740620903143,-0.12842692054077273,-0.333851045707787,2.24576473236084,2.687264919281006,0.23216015100479126,0.2303549349308014,0.3331837611266928,0.38218734793454506,0.339639270655539,-0.4818033400502024,0.06480124592781067,0.5691758394241333,41.36577478803313,-3.556315199897909,7.456337510069136,44.82496515295346,-20.0960176003074,10.573515286010586,4.849185953313034,13.153787860904261,23.17927407325025,32.97070551224041,37.26314305369306,46.52343340066229,62.42033076303075,71.26052506796582,75.28856427449861,5.56768747727252e-05,0.00012442356732041978,0.00018647389234833608,0.0002384678719095508,0.0002785041091647098,0.0003060647631279713,1.3817897199450925e-05,4.479212246952385e-05,8.931088968235906e-05,0.00014250982785737784,0.00019891077926927655,3.26321140882249e-06,1.3755399821032276e-05,3.4111032885702224e-05,6.526028745027334e-05,0.00010629108339970476,7.550093493400588e-07,3.906813751546367e-06,1.1566658204365908e-05,2.580217474682348e-05,1.7461996840658887e-07,1.0690643836523201e-06,3.672412723092607e-06,9.345394986680846e-06,4.1884007525258066e-08,2.9608605613361366e-07,1.157832675456853e-06,1.0251248050755276e-08,8.219560297381164e-08,3.606427983851628e-07,2.4965434906887335e-09,2.2381656738075557e-08,6.008805095665868e-10,5.953779193535213e-09,1.4334785560603743e-10,3.400087595233621e-11
ctx-rh-insula,2035,2080.0235791,20.191,3.3100499999999986,20.242390323264534,5.306737466524212,-0.8350205325070668,-0.4031222541300159,16.8848,23.5166,34.8454,3.979300000000002,33.9483108111114,6.66286974880731,-0.3107814132379573,0.09635440814259688,30.6765,38.6445,-2.13273,1.39318,-1.8754829141357032,2.6632564737296254,-0.8138812426154974,-0.1923019535498347,-3.42348,-0.579367,-0.018289579078555107,0.08228256367146969,-0.036516103293695826,0.14964656809270988,-1.2830343383276919,1.8285576493367763,-0.11002127081155777,0.05616523697972298,3.363050937652588,0.6325769424438477,3.4034951905190134,0.8804219909244091,0.7992761907963291,-0.6162208151745605,2.736530303955078,4.002939701080322,0.3491228520870209,0.3653502017259598,0.4105562525649627,0.5305522886534059,-0.6489354601599369,-1.0040433824174386,0.016091277822852135,0.7745904326438904,36.50983169266171,17.540260064243395,7.703469978941022,38.49277553564201,-0.8090930443517366,0.1025214035046934,4.325578904460235,8.211566161170047,18.148631031277542,21.37437791087294,26.331743467918834,36.66082551709752,45.03085600794005,58.92094543882706,63.68430595514114,0.0016816307608939973,0.0032355444105223946,0.003662350906144688,0.0030414533818069914,0.0019371842019867244,0.0010060650636946097,0.001062639897510561,0.0029602814501137075,0.004615669026862839,0.0051873926832227265,0.004545247001988012,0.0005264160220167937,0.0018977852102266706,0.003728772904734614,0.00519524609586972,0.005609720060321219,0.0002465536704858739,0.0010868048531145074,0.002569196352910434,0.004261731363585357,0.0001121589477655463,0.0005836063877705846,0.0016112644891820467,0.0030998729900431066,4.9806457929820234e-05,0.00029853992817778394,0.0009422194165360746,2.1613017034625454e-05,0.0001465343630465074,0.0005200620097223214,9.175209568081943e-06,6.936609320958205e-05,3.820060074424412e-06,3.183395018038108e-05,1.5669718020644247e-06,6.379459601973871e-07
